{
    "gt_shortest_path_length": 15.422483815649365,
    "gt_shortest_path_trajectory": [
        "room_11",
        "room_24",
        "room_9",
        "room_1",
        "room_20",
        "object_11"
    ],
    "llm_shortest_path_length": 20.992483815649365,
    "llm_shortest_path_trajectory": [
        "room_11",
        "room_24",
        "room_9",
        "room_19",
        "room_1",
        "room_20",
        "object_11"
    ],
    "spl_by_distance": 0.7346669384664378,
    "spl_by_steps": 0.8571428571428571
}