{
    "gt_shortest_path_length": 10.157397279253715,
    "gt_shortest_path_trajectory": [
        "room_11",
        "room_4",
        "room_21",
        "object_40"
    ],
    "llm_shortest_path_length": 20.869455298663595,
    "llm_shortest_path_trajectory": [
        "room_11",
        "room_15",
        "room_19",
        "room_7",
        "room_14",
        "room_23",
        "object_38"
    ],
    "spl_by_distance": 0.48671118310903677,
    "spl_by_steps": 0.5714285714285714
}