{
    "gt_shortest_path_length": 8.800374941424552,
    "gt_shortest_path_trajectory": [
        "room_11",
        "room_6",
        "room_15",
        "room_2",
        "object_36"
    ],
    "llm_shortest_path_length": 12.350374941424553,
    "llm_shortest_path_trajectory": [
        "room_11",
        "room_7",
        "room_6",
        "room_15",
        "room_2",
        "object_36"
    ],
    "spl_by_distance": 0.7125593338795813,
    "spl_by_steps": 0.8333333333333334
}