{
    "gt_shortest_path_length": 7.048457341752305,
    "gt_shortest_path_trajectory": [
        "room_8",
        "room_14",
        "room_12",
        "object_39"
    ],
    "llm_shortest_path_length": 14.004479364765796,
    "llm_shortest_path_trajectory": [
        "room_8",
        "room_4",
        "room_3",
        "room_5",
        "room_12",
        "object_38"
    ],
    "spl_by_distance": 0.5033002054675225,
    "spl_by_steps": 0.6666666666666666
}