{
    "gt_shortest_path_length": 6.1873848092675985,
    "gt_shortest_path_trajectory": [
        "room_6",
        "room_7",
        "room_11",
        "object_3"
    ],
    "llm_shortest_path_length": 16.2473848092676,
    "llm_shortest_path_trajectory": [
        "room_6",
        "room_15",
        "room_16",
        "room_15",
        "room_14",
        "room_11",
        "object_3"
    ],
    "spl_by_distance": 0.38082342985674095,
    "spl_by_steps": 0.5714285714285714
}