{
    "gt_shortest_path_length": 10.517566688249708,
    "gt_shortest_path_trajectory": [
        "room_5",
        "room_3",
        "room_14",
        "object_24"
    ],
    "llm_shortest_path_length": 13.024662503056698,
    "llm_shortest_path_trajectory": [
        "room_5",
        "room_2",
        "room_4",
        "room_15",
        "room_12",
        "object_22"
    ],
    "spl_by_distance": 0.8075116484424367,
    "spl_by_steps": 0.6666666666666666
}