{
    "gt_shortest_path_length": 7.702747640771934,
    "gt_shortest_path_trajectory": [
        "room_28",
        "room_2",
        "room_22",
        "object_64"
    ],
    "llm_shortest_path_length": 12.455488268686207,
    "llm_shortest_path_trajectory": [
        "room_28",
        "room_29",
        "room_17",
        "room_15",
        "room_20",
        "object_63"
    ],
    "spl_by_distance": 0.6184219738809494,
    "spl_by_steps": 0.6666666666666666
}