{
    "gt_shortest_path_length": 12.489751645417218,
    "gt_shortest_path_trajectory": [
        "room_11",
        "room_7",
        "room_5",
        "room_10",
        "object_53"
    ],
    "llm_shortest_path_length": 15.942987390592126,
    "llm_shortest_path_trajectory": [
        "room_11",
        "room_7",
        "room_5",
        "room_13",
        "room_12",
        "object_52"
    ],
    "spl_by_distance": 0.7834009611515691,
    "spl_by_steps": 0.8333333333333334
}