{
    "gt_shortest_path_length": 8.829615332878044,
    "gt_shortest_path_trajectory": [
        "room_20",
        "room_23",
        "room_27",
        "object_63"
    ],
    "llm_shortest_path_length": 14.001110426085503,
    "llm_shortest_path_trajectory": [
        "room_20",
        "room_10",
        "room_23",
        "room_21",
        "room_9",
        "room_2",
        "object_58"
    ],
    "spl_by_distance": 0.6306367898097258,
    "spl_by_steps": 0.5714285714285714
}