{
    "gt_shortest_path_length": 5.055499857224431,
    "gt_shortest_path_trajectory": [
        "room_6",
        "room_20",
        "room_19",
        "object_8"
    ],
    "llm_shortest_path_length": 11.398805437694364,
    "llm_shortest_path_trajectory": [
        "room_6",
        "room_20",
        "room_7",
        "room_17",
        "room_15",
        "object_13"
    ],
    "spl_by_distance": 0.4435113736134623,
    "spl_by_steps": 0.6666666666666666
}