{
    "gt_shortest_path_length": 12.908471861850895,
    "gt_shortest_path_trajectory": [
        "room_2",
        "room_20",
        "room_14",
        "room_21",
        "object_56"
    ],
    "llm_shortest_path_length": 20.638471861850896,
    "llm_shortest_path_trajectory": [
        "room_2",
        "room_19",
        "room_6",
        "room_17",
        "room_14",
        "room_21",
        "object_56"
    ],
    "spl_by_distance": 0.6254567658040376,
    "spl_by_steps": 0.7142857142857143
}