{
    "gt_shortest_path_length": 9.887794317906792,
    "gt_shortest_path_trajectory": [
        "room_9",
        "room_2",
        "room_7",
        "object_65"
    ],
    "llm_shortest_path_length": 15.873815008858024,
    "llm_shortest_path_trajectory": [
        "room_9",
        "room_16",
        "room_13",
        "room_16",
        "room_15",
        "room_7",
        "object_62"
    ],
    "spl_by_distance": 0.6228996817960353,
    "spl_by_steps": 0.5714285714285714
}