{
    "gt_shortest_path_length": 13.571507290636733,
    "gt_shortest_path_trajectory": [
        "room_9",
        "room_24",
        "room_5",
        "room_14",
        "object_43"
    ],
    "llm_shortest_path_length": 16.82150729063673,
    "llm_shortest_path_trajectory": [
        "room_9",
        "room_25",
        "room_23",
        "room_12",
        "room_14",
        "object_43"
    ],
    "spl_by_distance": 0.8067949593429699,
    "spl_by_steps": 0.8333333333333334
}