{
    "gt_shortest_path_length": 8.92145585845518,
    "gt_shortest_path_trajectory": [
        "room_14",
        "room_7",
        "room_2",
        "room_12",
        "object_86"
    ],
    "llm_shortest_path_length": 11.051455858455181,
    "llm_shortest_path_trajectory": [
        "room_14",
        "room_7",
        "room_17",
        "room_9",
        "room_12",
        "object_86"
    ],
    "spl_by_distance": 0.8072652121783219,
    "spl_by_steps": 0.8333333333333334
}