{
    "gt_shortest_path_length": 10.34388678573508,
    "gt_shortest_path_trajectory": [
        "room_22",
        "room_17",
        "room_10",
        "room_2",
        "object_8"
    ],
    "llm_shortest_path_length": 17.823886785735077,
    "llm_shortest_path_trajectory": [
        "room_22",
        "room_30",
        "room_17",
        "room_12",
        "room_10",
        "room_2",
        "object_8"
    ],
    "spl_by_distance": 0.5803384475048149,
    "spl_by_steps": 0.7142857142857143
}