{
    "gt_shortest_path_length": 7.140869359840616,
    "gt_shortest_path_trajectory": [
        "room_14",
        "room_7",
        "room_5",
        "object_59"
    ],
    "llm_shortest_path_length": 17.120869359840615,
    "llm_shortest_path_trajectory": [
        "room_14",
        "room_13",
        "room_11",
        "room_4",
        "room_7",
        "room_5",
        "object_59"
    ],
    "spl_by_distance": 0.41708567536824503,
    "spl_by_steps": 0.5714285714285714
}