{
    "gt_shortest_path_length": 7.8111805511808265,
    "gt_shortest_path_trajectory": [
        "room_17",
        "room_1",
        "room_13",
        "object_55"
    ],
    "llm_shortest_path_length": 11.941180551180828,
    "llm_shortest_path_trajectory": [
        "room_17",
        "room_2",
        "room_11",
        "room_6",
        "room_13",
        "object_55"
    ],
    "spl_by_distance": 0.6541380492239858,
    "spl_by_steps": 0.6666666666666666
}