{
    "gt_shortest_path_length": 7.042169340384998,
    "gt_shortest_path_trajectory": [
        "room_15",
        "room_11",
        "room_16",
        "object_89"
    ],
    "llm_shortest_path_length": 13.365972312547518,
    "llm_shortest_path_trajectory": [
        "room_15",
        "room_12",
        "room_20",
        "room_11",
        "room_16",
        "object_88"
    ],
    "spl_by_distance": 0.5268729558697387,
    "spl_by_steps": 0.6666666666666666
}