{
    "gt_shortest_path_length": 10.191699697628563,
    "gt_shortest_path_trajectory": [
        "room_20",
        "room_10",
        "room_8",
        "room_26",
        "object_67"
    ],
    "llm_shortest_path_length": 13.197200826314818,
    "llm_shortest_path_trajectory": [
        "room_20",
        "room_12",
        "room_18",
        "room_6",
        "room_25",
        "object_65"
    ],
    "spl_by_distance": 0.7722622267978694,
    "spl_by_steps": 0.8333333333333334
}