{
    "gt_shortest_path_length": 16.04033220758108,
    "gt_shortest_path_trajectory": [
        "room_29",
        "room_28",
        "room_23",
        "room_16",
        "room_24",
        "object_120"
    ],
    "llm_shortest_path_length": 17.710332207581082,
    "llm_shortest_path_trajectory": [
        "room_29",
        "room_17",
        "room_28",
        "room_23",
        "room_21",
        "room_24",
        "object_120"
    ],
    "spl_by_distance": 0.9057047614677074,
    "spl_by_steps": 0.8571428571428571
}