{
    "gt_shortest_path_length": 7.982408125416061,
    "gt_shortest_path_trajectory": [
        "room_14",
        "room_18",
        "room_4",
        "object_27"
    ],
    "llm_shortest_path_length": 12.792408125416062,
    "llm_shortest_path_trajectory": [
        "room_14",
        "room_8",
        "room_5",
        "room_2",
        "room_4",
        "object_27"
    ],
    "spl_by_distance": 0.6239957361551456,
    "spl_by_steps": 0.6666666666666666
}