{
    "gt_shortest_path_length": 7.915577901401106,
    "gt_shortest_path_trajectory": [
        "room_10",
        "room_20",
        "room_8",
        "object_7"
    ],
    "llm_shortest_path_length": 14.305577901401106,
    "llm_shortest_path_trajectory": [
        "room_10",
        "room_4",
        "room_18",
        "room_20",
        "room_8",
        "object_7"
    ],
    "spl_by_distance": 0.5533210860797063,
    "spl_by_steps": 0.6666666666666666
}