{
    "gt_shortest_path_length": 6.791175889614963,
    "gt_shortest_path_trajectory": [
        "room_7",
        "room_3",
        "room_1",
        "object_63"
    ],
    "llm_shortest_path_length": 15.461175889614964,
    "llm_shortest_path_trajectory": [
        "room_7",
        "room_4",
        "room_13",
        "room_12",
        "room_1",
        "object_63"
    ],
    "spl_by_distance": 0.43924058157675394,
    "spl_by_steps": 0.6666666666666666
}