{
    "gt_shortest_path_length": 14.25908259123111,
    "gt_shortest_path_trajectory": [
        "room_19",
        "room_11",
        "room_6",
        "room_15",
        "object_69"
    ],
    "llm_shortest_path_length": 15.709082591231109,
    "llm_shortest_path_trajectory": [
        "room_19",
        "room_17",
        "room_11",
        "room_6",
        "room_15",
        "object_69"
    ],
    "spl_by_distance": 0.9076967103852775,
    "spl_by_steps": 0.8333333333333334
}