{
    "gt_shortest_path_length": 8.101639132235933,
    "gt_shortest_path_trajectory": [
        "room_9",
        "room_1",
        "room_13",
        "object_58"
    ],
    "llm_shortest_path_length": 13.861639132235934,
    "llm_shortest_path_trajectory": [
        "room_9",
        "room_8",
        "room_6",
        "room_12",
        "room_13",
        "object_58"
    ],
    "spl_by_distance": 0.5844647270751094,
    "spl_by_steps": 0.6666666666666666
}