{
    "gt_shortest_path_length": 9.410868744872115,
    "gt_shortest_path_trajectory": [
        "room_21",
        "room_7",
        "room_19",
        "object_46"
    ],
    "llm_shortest_path_length": 16.570868744872115,
    "llm_shortest_path_trajectory": [
        "room_21",
        "room_20",
        "room_11",
        "room_15",
        "room_19",
        "object_46"
    ],
    "spl_by_distance": 0.5679164375606032,
    "spl_by_steps": 0.6666666666666666
}