{
    "gt_shortest_path_length": 6.966405059194835,
    "gt_shortest_path_trajectory": [
        "room_14",
        "room_17",
        "room_13",
        "object_6"
    ],
    "llm_shortest_path_length": 16.450151508195535,
    "llm_shortest_path_trajectory": [
        "room_14",
        "room_9",
        "room_19",
        "room_10",
        "room_13",
        "object_5"
    ],
    "spl_by_distance": 0.42348576885289735,
    "spl_by_steps": 0.6666666666666666
}